,municipios,votos_Partido_Popular_Democrático,pct_Partido_Popular_Democrático,votos_Partido_Independentista_Puertorriqueño,pct_Partido_Independentista_Puertorriqueño,votos_Partido_Estadista_Puertorriqueño,pct_Partido_Estadista_Puertorriqueño,votos_Partido_Socialista_Puertorriqueño,pct_Partido_Socialista_Puertorriqueño,total
0,Adjuntas,"4,197",64.0,580,8.8,"1,700",25.9,84,1.3,"6,561"
1,Aguada,"4,024",73.4,"1,112",20.3,272,5.0,73,1.3,"5,481"
2,Aguadilla,"5,757",52.5,"2,338",21.3,"2,783",25.4,78,0.7,"10,956"
3,Aguas Buenas,"2,973",63.1,686,14.6,"1,015",21.5,40,0.8,"4,714"
4,Aibonito,"4,143",74.7,246,4.4,"1,137",20.5,23,0.4,"5,549"
5,Añasco,"3,670",64.4,408,7.2,904,15.9,721,12.6,"5,703"
6,Arecibo,"17,404",65.4,"4,530",17.0,480,1.8,"4,183",15.7,"26,597"
7,Arroyo,"2,712",64.5,"1,176",28.0,121,2.9,194,4.6,"4,203"
8,Barceloneta,"4,576",66.9,612,8.9,180,2.6,"1,474",21.5,"6,842"
9,Barranquitas,"4,486",84.8,725,13.7,64,1.2,12,0.2,"5,287"
10,Bayamón,"9,461",62.6,"3,421",22.6,"2,087",13.8,140,0.9,"15,109"
11,Cabo Rojo,"5,170",61.1,"2,184",25.8,"1,000",11.8,107,1.3,"8,461"
12,Caguas,"11,564",65.2,"4,329",24.4,"1,653",9.3,186,1.0,"17,732"
13,Camuy,"4,605",66.2,"1,375",19.8,833,12.0,148,2.1,"6,961"
14,Carolina,"5,605",71.5,"1,776",22.7,184,2.3,275,3.5,"7,840"
15,Cataño,"3,069",52.1,"1,265",21.5,"1,478",25.1,79,1.3,"5,891"
16,Cayey,"7,795",70.1,"1,637",14.7,"1,331",12.0,359,3.2,"11,122"
17,Ceiba,"1,975",74.9,368,14.0,40,1.5,254,9.6,"2,637"
18,Ciales,"3,960",69.5,441,7.7,"1,220",21.4,77,1.4,"5,698"
19,Cidra,"3,975",68.3,"1,546",26.6,168,2.9,131,2.3,"5,820"
20,Coamo,"5,055",60.2,175,2.1,"3,132",37.3,30,0.4,"8,392"
21,Comerío,"4,642",86.0,542,10.0,77,1.4,134,2.5,"5,395"
22,Corozal,"4,410",65.1,"1,039",15.3,"1,265",18.7,57,0.8,"6,771"
23,Culebra,241,73.0,37,11.2,45,13.6,7,2.1,330
24,Dorado,"2,656",74.2,545,15.2,343,9.6,36,1.0,"3,580"
25,Fajardo,"3,970",57.4,"2,536",36.7,110,1.6,299,4.3,"6,915"
26,Guánica,"3,114",65.5,"1,067",22.4,534,11.2,42,0.9,"4,757"
27,Guayama,"7,558",76.3,"1,709",17.3,533,5.4,103,1.0,"9,903"
28,Guayanilla,"3,781",67.1,821,14.6,965,17.1,72,1.3,"5,639"
29,Guaynabo,"3,775",54.1,921,13.2,"2,169",31.1,110,1.6,"6,975"
30,Gurabo,"3,601",74.3,760,15.7,184,3.8,303,6.3,"4,848"
31,Hatillo,"4,369",68.2,"1,222",19.1,442,6.9,377,5.9,"6,410"
32,Hormigueros,"1,660",64.2,443,17.1,436,16.9,46,1.8,"2,585"
33,Humacao,"9,254",79.9,"1,649",14.2,406,3.5,279,2.4,"11,588"
34,Isabela,"6,455",61.9,"1,479",14.2,"2,449",23.5,40,0.4,"10,423"
35,Jayuya,"3,249",69.3,829,17.7,448,9.6,159,3.4,"4,685"
36,Juana Díaz,"5,507",64.2,649,7.6,"2,231",26.0,185,2.2,"8,572"
37,Juncos,"4,773",64.9,965,13.1,126,1.7,"1,486",20.2,"7,350"
38,Lajas,"3,500",73.7,254,5.4,943,19.9,49,1.0,"4,746"
39,Lares,"5,223",67.4,"1,834",23.7,536,6.9,153,2.0,"7,746"
40,Las Marías,"2,176",80.6,363,13.4,119,4.4,42,1.6,"2,700"
41,Las Piedras,"3,436",70.6,422,8.7,116,2.4,896,18.4,"4,870"
42,Loíza,"5,289",63.8,"2,567",31.0,61,0.7,368,4.4,"8,285"
43,Luquillo,"2,745",83.6,453,13.8,25,0.8,62,1.9,"3,285"
44,Manatí,"7,056",68.3,"1,458",14.1,"1,461",14.1,358,3.5,"10,333"
45,Maricao,"1,401",73.5,333,17.5,162,8.5,10,0.5,"1,906"
46,Maunabo,"2,609",78.0,684,20.5,25,0.7,26,0.8,"3,344"
47,Mayagüez,"15,715",61.1,"4,518",17.6,"5,380",20.9,97,0.4,"25,710"
48,Moca,"4,268",65.9,"1,492",23.0,567,8.8,149,2.3,"6,476"
49,Morovis,"4,080",70.0,413,7.1,"1,292",22.2,41,0.7,"5,826"
50,Naguabo,"4,248",71.2,"1,229",20.6,295,4.9,195,3.3,"5,967"
51,Naranjito,"3,706",74.8,597,12.0,600,12.1,52,1.0,"4,955"
52,Orocovis,"3,492",61.3,165,2.9,"2,021",35.5,19,0.3,"5,697"
53,Patillas,"4,034",70.2,"1,520",26.4,93,1.6,100,1.7,"5,747"
54,Peñuelas,"3,054",58.3,265,5.1,"1,870",35.7,52,1.0,"5,241"
55,Ponce,"19,753",58.1,"3,338",9.8,"10,720",31.5,190,0.6,"34,001"
56,Quebradillas,"2,717",58.6,"1,667",36.0,226,4.9,24,0.5,"4,634"
57,Rincón,"1,925",69.3,219,7.9,610,22.0,23,0.8,"2,777"
58,Río Grande,"3,569",68.2,"1,332",25.5,65,1.2,265,5.1,"5,231"
59,Sabana Grande,"4,399",77.7,327,5.8,855,15.1,77,1.4,"5,658"
60,Salinas,"4,758",81.9,638,11.0,344,5.9,66,1.1,"5,806"
61,San Germán,"6,619",70.0,737,7.8,"2,026",21.4,68,0.7,"9,450"
62,San Juan,"60,908",54.8,"35,361",31.8,"13,527",12.2,"1,351",1.2,"111,147"
63,San Lorenzo,"3,882",51.3,511,6.8,"1,285",17.0,"1,882",24.9,"7,560"
64,San Sebastián,"6,872",63.2,"3,412",31.4,441,4.1,143,1.3,"10,868"
65,Santa Isabel,"3,166",77.2,456,11.1,436,10.6,41,1.0,"4,099"
66,Toa Alta,"3,315",76.5,504,11.6,474,10.9,42,1.0,"4,335"
67,Toa Baja,"3,326",68.6,739,15.2,732,15.1,53,1.1,"4,850"
68,Trujillo Alto,"2,897",65.7,"1,345",30.5,150,3.4,18,0.4,"4,410"
69,Utuado,"7,739",68.0,"2,543",22.3,673,5.9,427,3.8,"11,382"
70,Vega Alta,"3,762",72.4,829,16.0,147,2.8,457,8.8,"5,195"
71,Vega Baja,"6,700",74.2,"1,517",16.8,183,2.0,625,6.9,"9,025"
72,Vieques,"1,938",70.0,574,20.7,59,2.1,198,7.2,"2,769"
73,Villalba,"3,424",72.6,98,2.1,"1,183",25.1,14,0.3,"4,719"
74,Yabucoa,"7,894",80.0,"1,408",14.3,84,0.9,482,4.9,"9,868"
75,Yauco,"6,623",65.9,"1,963",19.5,"1,260",12.5,201,2.0,"10,047"
76,"Total,Puerto Rico","431,409",64.9,"126,228",19.0,"85,591",12.9,"21,719",3.3,"664,947"
